Student_ID,Arrival_Time,Document_Check_Duration(min),Waiting_Time(min),Registration_Service_Duration(min),Counter_ID
S0001,9:00,2.87,9,4.85,12
S0002,9:00,3.61,25,10.19,2
S0003,9:00,6.63,26,5.22,9
S0004,9:03,4.11,24,11.47,3
S0005,9:03,4.52,27,3.46,3
S0006,9:03,4.19,1,8.72,8
S0007,9:03,5.56,19,11.27,11
S0008,9:04,3.9,15,7.87,12
S0009,9:02,4.32,13,8.65,4
S0010,9:05,7.21,14,6.13,10
S0011,9:05,6.56,6,4.97,6
S0012,9:05,3.4,10,5.8,4
S0013,9:03,6.61,3,11.42,11
S0014,9:03,6.04,15,4.35,7
S0015,9:07,3.39,20,13.51,1
S0016,9:09,4.73,2,7.61,4
S0017,9:05,7.16,5,6.54,5
S0018,9:06,5.47,10,13.37,2
S0019,9:06,5.86,5,9.37,12
S0020,9:10,2.79,7,5.98,4
S0021,9:10,1.52,29,8.93,5
S0022,9:11,5.51,18,7.94,8
S0023,9:12,5.37,27,7.74,2
S0024,9:09,6.05,2,12.54,6
S0025,9:13,6.06,6,7.62,7
S0026,9:14,7.76,6,9.52,2
S0027,9:15,2.15,5,11.09,6
S0028,9:13,9.2,28,10.13,9
S0029,9:13,5.94,12,6.61,4
S0030,9:15,4.76,5,4,4
S0031,9:15,2.27,15,11.16,10
S0032,9:16,3.44,11,17.24,8
S0033,9:17,5.29,8,14.49,9
S0034,9:18,3.54,3,6.33,3
S0035,9:18,6.93,13,12.04,8
S0036,9:21,5.34,25,9.85,12
S0037,9:22,3.51,25,1.88,11
S0038,9:22,6.44,24,10.48,11
S0039,9:22,6.05,29,1,1
S0040,9:20,5.04,7,11.28,8
S0041,9:25,9.1,20,4.41,9
S0042,9:26,5.36,9,9.3,11
S0043,9:23,7.84,8,6.4,3
S0044,9:27,5.34,5,9.51,11
S0045,9:28,4.75,10,7.53,11
S0046,9:29,1,3,5.9,8
S0047,9:31,7.83,1,8.47,4
S0048,9:28,6.23,15,6.78,1
S0049,9:32,3.76,9,7.58,8
S0050,9:29,3.3,2,10.13,11
S0051,9:31,3.49,17,6.24,4
S0052,9:32,3.92,8,8.13,6
S0053,9:32,8.77,24,9.83,3
S0054,9:33,4.88,1,8.94,4
S0055,9:30,7.91,13,3.44,5
S0056,9:32,5.47,9,9.92,12
S0057,9:34,3.58,20,12.57,6
S0058,9:32,6.23,5,7.41,3
S0059,9:35,2.84,12,7.79,6
S0060,9:36,3.67,15,11.2,1
S0061,9:33,8.1,5,6.43,9
S0062,9:35,6.26,1,7.32,8
S0063,9:36,3.85,12,15.15,4
S0064,9:34,4.27,3,11.15,7
S0065,9:35,6.49,11,9.37,1
S0066,9:35,5.11,9,11.82,1
S0067,9:39,8.39,10,8.61,6
S0068,9:35,3.54,19,5.9,5
S0069,9:38,4.9,1,12.06,10
S0070,9:40,3.85,10,6.43,8
S0071,9:39,3.58,8,5.82,12
S0072,9:38,3.22,13,5.9,4
S0073,9:38,6.38,26,5.07,11
S0074,9:41,6.23,19,4.8,3
S0075,9:38,3.82,30,7.66,4
S0076,9:41,2.82,7,7.06,4
S0077,9:38,4.18,14,8.95,12
S0078,9:41,7.38,9,4.67,3
S0079,9:40,4.21,14,3.12,12
S0080,9:43,3.21,2,9.95,9
S0081,9:43,2.85,21,7.07,12
S0082,9:43,1,8,12.26,10
S0083,9:44,2.79,7,4.79,7
S0084,9:46,10.87,5,5.46,9
S0085,9:43,4.84,2,14.35,12
S0086,9:47,5.86,10,7.7,6
S0087,9:44,3.1,8,6.94,8
S0088,9:45,1,21,5.99,10
S0089,9:48,2.76,13,6.75,3
S0090,9:48,2.09,13,3.17,10
S0091,9:48,3,2,6.45,11
S0092,9:48,2.32,15,4.75,2
S0093,9:47,4.6,8,9.77,6
S0094,9:49,4.79,1,9.05,3
S0095,9:49,5.71,24,10.41,11
S0096,9:47,5.33,7,5.28,4
S0097,9:48,3.23,19,10.57,3
S0098,9:51,3.06,2,1.98,4
S0099,9:48,7.22,7,5.6,9
S0100,9:54,4.28,1,11.39,11
S0101,9:51,6.23,1,7.85,3
S0102,9:54,4.8,15,4.99,2
S0103,9:52,5.35,5,7.42,9
S0104,9:50,7.22,22,7.05,9
S0105,9:55,3.06,14,13.32,7
S0106,9:51,3.05,5,5.16,9
S0107,9:54,6.92,2,11.17,11
S0108,9:55,6.15,4,7.85,2
S0109,9:54,7.72,6,5.94,4
S0110,9:52,4.68,7,5.51,3
S0111,9:54,8.29,4,7.81,2
S0112,9:56,5.64,5,9.62,2
S0113,9:58,2.52,27,1.32,6
S0114,9:55,2.7,28,6.06,7
S0115,9:56,8.42,11,10.18,8
S0116,9:55,6.16,8,5.07,6
S0117,9:57,4.97,29,6.25,3
S0118,9:58,7.14,12,8.92,12
S0119,9:55,4.4,2,8.77,10
S0120,9:56,1,9,7.27,12
S0121,9:56,2.59,27,6.3,7
S0122,10:00,4.31,13,3.72,9
S0123,9:58,3.59,12,3.25,4
S0124,9:59,6.37,23,4.03,10
S0125,9:59,3.46,10,9.95,4
S0126,10:02,7.99,29,5.42,7
S0127,10:01,5.78,22,4.87,4
S0128,10:03,5.88,2,6.08,5
S0129,10:06,5.08,1,8.96,3
S0130,10:05,5.12,8,11.03,7
S0131,10:07,6.85,12,4.5,5
S0132,10:06,4.81,3,8.3,2
S0133,10:09,8.91,11,9.07,7
S0134,10:06,3.41,9,5.05,6
S0135,10:10,4.58,16,5.55,1
S0136,10:08,4.36,8,9.68,7
S0137,10:08,7.93,13,11.06,12
S0138,10:10,4.48,29,8.5,7
S0139,10:10,5.62,12,8.48,10
S0140,10:12,5.46,5,7.57,4
S0141,10:12,4.24,8,5.22,10
S0142,10:15,5.77,7,7.72,3
S0143,10:15,8.55,23,11.05,8
S0144,10:14,6.04,6,5.78,7
S0145,10:14,5.44,19,9.01,5
S0146,10:17,4.77,10,6.85,7
S0147,10:14,4.58,12,4.91,10
S0148,10:19,4.57,14,9.13,7
S0149,10:17,7.85,22,9.41,11
S0150,10:18,7.09,18,7.63,5
S0151,10:20,1,12,8.81,6
S0152,10:21,8.14,5,10.52,2
S0153,10:20,3.24,2,5.45,1
S0154,10:19,9.27,13,10.52,2
S0155,10:20,3.21,28,1.33,3
S0156,10:18,3.5,10,7.64,6
S0157,10:21,5.96,3,10.1,12
S0158,10:22,4.25,15,10.69,5
S0159,10:20,2.74,4,9.07,12
S0160,10:21,3.06,2,10,6
S0161,10:22,3.34,28,8.82,4
S0162,10:23,3.66,21,4.92,8
S0163,10:22,3.66,4,9.77,6
S0164,10:22,7.74,12,7.42,8
S0165,10:21,3.49,15,11.59,7
S0166,10:23,3.89,10,5.77,8
S0167,10:22,3.01,30,5.73,12
S0168,10:23,7.12,16,1,7
S0169,10:21,4.75,21,10.35,5
S0170,10:22,7.87,20,10.79,1
S0171,10:25,3.85,28,6.01,5
S0172,10:22,6.18,24,1,2
S0173,10:24,6.47,15,2.27,6
S0174,10:27,6.11,19,8.28,2
S0175,10:27,6.61,11,11.76,4
S0176,10:29,2.66,15,13.71,5
S0177,10:30,3.66,13,3.39,6
S0178,10:31,3.24,11,9.54,10
S0179,10:32,6.23,9,2.76,3
S0180,10:29,1.18,6,14.62,4
S0181,10:31,9.06,19,8.29,1
S0182,10:30,4.92,9,10.71,4
S0183,10:30,8.81,10,4.48,11
S0184,10:31,7.42,13,11.59,5
S0185,10:30,7.95,20,13.09,12
S0186,10:33,4.92,27,4.84,8
S0187,10:32,6.59,6,10.28,4
S0188,10:34,4.08,16,11.24,1
S0189,10:38,4.61,11,11.94,6
S0190,10:35,5.31,28,7.22,11
S0191,10:38,3.8,9,8.68,12
S0192,10:35,4.28,10,6.66,4
S0193,10:39,3.96,24,7.8,9
S0194,10:39,2.08,4,11.5,11
S0195,10:37,4.65,7,12.71,4
S0196,10:39,2.74,26,8.86,1
S0197,10:40,3.73,5,7.75,2
S0198,10:37,6,7,7.69,8
S0199,10:41,3.25,17,6.05,9
S0200,10:38,7.46,18,5.6,3
S0201,10:41,6.71,15,3.46,7
S0202,10:41,3.54,13,11.96,9
S0203,10:40,3.08,13,10.82,1
S0204,10:40,3.68,15,5.04,12
S0205,10:39,6.55,13,7.99,3
S0206,10:43,5.93,1,8.37,5
S0207,10:44,5.91,10,11.38,10
S0208,10:45,1.81,15,8.72,2
S0209,10:44,1.54,3,10.75,10
S0210,10:46,4.92,6,7.51,9
S0211,10:43,4.95,30,8.49,2
S0212,10:47,3.07,7,9.22,10
S0213,10:47,4.94,12,9.73,3
S0214,10:49,5.93,3,9.4,10
S0215,10:46,5.38,29,14.56,8
S0216,10:49,5.18,20,6.3,5
S0217,10:45,4.08,16,9.32,7
S0218,10:46,6.93,2,5.4,7
S0219,10:48,5.32,15,7.54,3
S0220,10:47,6.13,4,9.2,8
S0221,10:47,3.34,10,9,7
S0222,10:48,3.76,30,3.81,2
S0223,10:52,2.83,10,9.18,5
S0224,10:50,4.72,25,6.92,9
S0225,10:53,4.98,10,9.05,1
S0226,10:52,5.44,5,4.24,2
S0227,10:54,2.74,8,9.32,3
S0228,10:54,3.31,5,5.61,4
S0229,10:52,2.97,17,3.88,11
S0230,10:53,4.66,12,4.49,2
S0231,10:57,3.93,10,7.19,10
S0232,10:57,3.46,1,7.22,8
S0233,10:59,5.77,7,5.34,6
S0234,10:59,2.84,27,12.42,12
S0235,10:57,3.73,10,8.95,12
S0236,10:58,6.26,10,10.2,3
S0237,10:58,6.59,3,10.58,5
S0238,11:01,4.41,4,6.95,7
S0239,11:04,5.54,3,7.76,6
S0240,11:03,6.09,22,12.7,11
S0241,11:04,2.99,11,8.78,7
S0242,11:02,3.66,24,10.02,8
S0243,11:03,3.05,12,6.78,4
S0244,11:04,7.79,11,7.25,8
S0245,11:03,6.36,5,12.58,1
S0246,11:03,7.93,23,5.56,2
S0247,11:06,2.35,5,7.52,10
S0248,11:04,2.95,26,9.01,7
S0249,11:05,4.13,4,11.29,11
S0250,11:08,5.78,22,5.84,3
S0251,11:05,6.08,14,4.34,1
S0252,11:09,2.99,4,10.76,12
S0253,11:08,5.31,25,7.53,10
S0254,11:08,4.11,27,9.63,5
S0255,11:09,3.07,7,4.91,6
S0256,11:11,4.87,6,6.34,6
S0257,11:11,2.24,10,9.99,5
S0258,11:12,4.46,1,5.69,10
S0259,11:14,4.21,23,3.05,3
S0260,11:15,5.09,24,6.94,2
S0261,11:15,4.26,4,11.55,4
S0262,11:12,2.33,6,8.43,7
S0263,11:17,6.73,15,8.39,7
S0264,11:14,4.5,20,6.32,12
S0265,11:15,5.22,17,12.06,11
S0266,11:15,2.73,1,10.08,8
S0267,11:19,6.31,6,8.32,8
S0268,11:19,9.01,5,7.55,2
S0269,11:16,6.03,27,9.74,1
S0270,11:20,7.23,29,9.07,1
S0271,11:17,6.96,11,6.06,10
S0272,11:19,3.63,2,10.16,5
S0273,11:23,4.19,1,8.92,1
S0274,11:20,4.21,19,8.85,3
S0275,11:21,4.35,26,5.25,4
S0276,11:24,6.26,2,12.51,7
S0277,11:25,3.29,4,6.62,10
S0278,11:26,2.27,5,9.31,1
S0279,11:24,6.64,23,7.22,4
S0280,11:24,8.61,21,7.39,4
S0281,11:26,6.08,5,7.83,5
S0282,11:22,5.79,5,11.28,7
S0283,11:27,4.99,22,5.35,9
S0284,11:28,3.57,5,9.65,9
S0285,11:27,4.44,15,6.16,1
S0286,11:28,1.38,11,10.13,12
S0287,11:26,6.9,24,3.87,3
S0288,11:25,4.03,14,9.06,7
S0289,11:29,5.41,14,8.78,10
S0290,11:28,6.3,4,7.54,5
S0291,11:28,5.67,15,8.17,1
S0292,11:28,5.9,10,6.23,1
S0293,11:31,3.35,16,7.44,2
S0294,11:30,3.6,10,12.71,3
S0295,11:30,5.98,10,7.95,1
S0296,11:28,1.8,2,8.42,6
S0297,11:30,4.81,16,10.08,3
S0298,11:30,6.08,13,11.08,6
S0299,11:30,8.49,1,7.22,9
S0300,11:29,8.75,28,7.57,11
S0301,11:32,6.04,5,4.45,12
S0302,11:29,3.47,17,10.3,5
S0303,11:31,4.12,6,4.6,6
S0304,11:35,4.24,11,5.29,2
S0305,11:36,4.6,11,7.31,11
S0306,11:33,1.98,3,7.68,12
S0307,11:35,3.61,12,7.46,6
S0308,11:35,6,5,7.57,12
S0309,11:34,5.16,13,7.58,12
S0310,11:34,1,13,11.3,3
S0311,11:37,7.92,2,7.55,11
S0312,11:35,3.95,29,10.48,5
S0313,11:38,4.54,25,11.49,11
S0314,11:35,5.38,4,7.79,9
S0315,11:39,5.59,4,2.76,1
S0316,11:38,1.98,12,2.88,8
S0317,11:36,4.71,9,4.07,6
S0318,11:38,2.16,21,6.24,5
S0319,11:37,7.1,1,9.52,4
S0320,11:40,3.83,15,7.27,12
S0321,11:41,3.01,3,11.44,2
S0322,11:40,6.09,27,8.16,4
S0323,11:41,9.01,11,3.58,11
S0324,11:40,3.61,11,12.59,10
S0325,11:40,4.63,5,7.25,5
S0326,11:38,6.03,5,6.28,5
S0327,11:39,3.94,27,4.06,10
S0328,11:40,7.28,1,9.93,1
S0329,11:41,4.05,6,11.91,9
S0330,11:40,6.84,14,9.15,6
S0331,11:42,5.98,17,13.56,3
S0332,11:43,5.49,6,3.56,4
S0333,11:40,4.99,8,3.86,7
S0334,11:40,3.67,9,5.63,11
S0335,11:44,6.34,17,7.64,11
S0336,11:45,8.99,15,11.46,5
S0337,11:43,2.01,13,7.57,12
S0338,11:45,3.88,10,4.48,9
S0339,11:46,8.69,12,9.61,10
S0340,11:48,7.25,9,10.22,12
S0341,11:49,3.8,10,6.5,12
S0342,11:48,5.63,8,7.09,10
S0343,11:47,5.96,26,2.81,5
S0344,11:46,8.23,11,10.67,5
S0345,11:47,5.05,1,13.72,12
S0346,11:48,2.13,10,9.36,8
S0347,11:46,1,15,8.77,3
S0348,11:46,5.23,25,9.08,10
S0349,11:49,6.13,9,4.17,1
S0350,11:51,5.13,24,8.9,4
S0351,11:48,6.89,8,8.7,10
S0352,11:50,1,7,14.95,3
S0353,11:52,9.27,6,3.32,7
S0354,11:53,4.02,21,6.69,12
S0355,11:52,3.82,9,9.8,11
S0356,11:54,1.76,20,9.82,6
S0357,11:57,9.1,7,5.88,3
S0358,11:56,2.52,12,7.09,8
S0359,11:58,7.25,6,10.92,1
S0360,11:57,3.97,6,9.32,6
S0361,11:58,2.01,29,9.28,7
S0362,11:57,8.5,20,10.77,2
S0363,11:59,1.31,10,5.47,12
S0364,11:58,1.26,14,8.05,4
S0365,12:01,8.79,8,6.75,1
S0366,11:59,3.8,3,5.4,4
S0367,11:59,6.1,10,8.41,7
S0368,11:58,6.21,5,6.55,7
S0369,11:58,4.06,7,3.26,5
S0370,11:59,3.18,27,11.19,10
S0371,12:00,6.14,2,6.42,5
S0372,12:01,2.44,12,5.63,5
S0373,12:03,3.43,10,10.67,10
S0374,12:05,8.12,12,11.46,7
S0375,12:04,3.74,8,8.43,3
S0376,12:03,3.19,1,10.15,8
S0377,12:04,8.17,20,5.31,11
S0378,12:05,6.51,2,10.31,5
S0379,12:07,7.24,10,5.89,4
S0380,12:06,4.17,7,11.39,3
S0381,12:09,5.56,12,12.6,7
S0382,12:09,4.88,9,7.68,2
S0383,12:10,3.97,4,11.51,6
S0384,12:07,5.04,15,5.73,1
S0385,12:10,4.91,5,5.01,5
S0386,12:07,4.71,17,7.86,7
S0387,12:11,2.81,15,11.66,3
S0388,12:10,6.45,12,9.56,10
S0389,12:10,5.76,30,4.9,5
S0390,12:13,6.03,11,8.21,11
S0391,12:13,2.94,12,12.88,11
S0392,12:14,3.94,1,11.85,2
S0393,12:14,7.01,29,6.75,4
S0394,12:11,7.34,2,6.88,9
S0395,12:13,3.81,22,8.14,2
S0396,12:15,9.09,3,2.97,11
S0397,12:17,5.9,11,3.45,5
S0398,12:16,7.7,2,4.89,1
S0399,12:17,4.02,14,8.88,8
S0400,12:16,3.68,15,8.18,11
S0401,12:18,5.97,6,10.94,4
S0402,12:17,4.67,2,1,3
S0403,12:15,6.57,14,11.09,10
S0404,12:16,3.17,15,9.68,9
S0405,12:20,6.8,2,10.5,3
S0406,12:19,5.1,9,8.31,7
S0407,12:16,4.01,12,10.72,10
S0408,12:20,4.26,23,11.46,1
S0409,12:22,2.81,6,9.13,7
S0410,12:19,6.22,2,5.98,2
S0411,12:23,7.89,12,9.9,5
S0412,12:24,10.64,5,5.79,4
S0413,12:23,6.45,13,12.59,9
S0414,12:25,6.44,15,6.86,6
S0415,12:21,3.51,18,11.28,11
S0416,12:23,6.87,14,7.92,12
S0417,12:26,5.58,9,8.37,7
S0418,12:26,4.18,4,10.16,3
S0419,12:26,9.15,3,8.21,5
S0420,12:25,3.49,5,9.95,2
S0421,12:25,7.91,25,5.76,7
S0422,12:29,5.34,4,3.91,6
S0423,12:28,3.62,8,9.13,9
S0424,12:33,5.06,14,9.51,5
S0425,12:30,5.54,6,6.21,3
S0426,12:32,3.81,25,7.95,10
S0427,12:34,6.07,15,3.66,2
S0428,12:33,5.91,3,3.6,1
S0429,12:34,4.88,22,5.59,10
S0430,12:35,6.71,5,10.23,6
S0431,12:35,2.63,15,9.57,10
S0432,12:33,6.52,24,9.63,4
S0433,12:37,4.08,6,2.24,7
S0434,12:38,5.35,15,8.68,12
S0435,12:38,5.52,14,5.99,12
S0436,12:38,3.21,5,9.67,1
S0437,12:37,4.8,15,6.91,8
S0438,12:38,3.94,9,5.33,1
S0439,12:38,6.25,5,8.84,12
S0440,12:37,1.56,10,5.06,2
S0441,12:41,5.76,8,7.91,12
S0442,12:42,5.23,5,5.01,10
S0443,12:41,3.69,3,10.06,4
S0444,12:40,4.88,28,8.16,3
S0445,12:40,5.75,9,6.66,9
S0446,12:42,4.71,29,13.15,6
S0447,12:42,4.16,10,8.37,8
S0448,12:42,5.14,7,8.74,5
S0449,12:44,8.17,5,8.27,6
S0450,12:44,2.79,5,4.17,8
S0451,12:46,1.78,4,8.66,4
S0452,12:49,4.57,28,5.3,12
S0453,12:48,4.44,23,7.58,8
S0454,12:49,4.37,22,7.67,7
S0455,12:49,7.09,10,5.4,4
S0456,12:53,5.8,21,6.04,3
S0457,12:50,3.64,4,6.57,6
S0458,12:53,6.22,10,9.21,5
S0459,12:53,9.9,10,9.25,4
S0460,12:55,6.04,12,9.51,7
S0461,12:53,4.76,9,7.57,10
S0462,12:56,6.97,6,4.62,1
S0463,12:54,4.95,17,6.94,10
S0464,12:56,3.31,1,15.59,11
S0465,12:53,6.35,21,8.17,4
S0466,12:54,4.74,12,4.75,10
S0467,12:54,7.35,14,9.81,6
S0468,12:56,6.39,12,5.98,9
S0469,12:57,4.28,11,13.65,6
S0470,12:59,6.71,6,8.52,11
S0471,12:59,2.73,5,10.12,2
S0472,12:59,1.93,11,12.91,8
S0473,12:59,4.18,4,6.78,9
S0474,12:56,3.76,7,10.65,2
S0475,12:58,1,13,4.96,12
S0476,12:58,4.75,6,7.72,2
S0477,12:57,5.13,6,8.77,7
S0478,13:01,7.17,7,4.62,9
S0479,13:01,1.47,2,5.38,1
S0480,13:01,4.26,17,9.36,2
S0481,13:04,2.85,19,15.62,9
S0482,13:05,3.33,6,10.9,2
S0483,13:03,4.43,24,4.06,7
S0484,13:07,6.46,12,10.15,7
S0485,13:08,4.98,7,6.97,9
S0486,13:09,4.11,10,8.15,12
S0487,13:08,6.37,8,8.22,10
S0488,13:07,2.02,2,15.32,11
S0489,13:08,5.5,15,6.01,7
S0490,13:09,3.03,7,10.45,6
S0491,13:10,6.02,25,8.82,10
S0492,13:10,5.63,13,2.93,11
S0493,13:11,2.78,24,10.34,5
S0494,13:11,5.18,22,10.58,4
S0495,13:12,1.79,3,7.88,12
S0496,13:10,3.1,19,7.63,5
S0497,13:10,12.67,3,10.72,9
S0498,13:11,3.01,30,6.38,9
S0499,13:10,7.18,12,11,12
S0500,13:13,7.78,5,14.38,8
S0501,13:14,5.76,17,4.77,4
S0502,13:14,2.24,12,6.82,8
S0503,13:11,7.38,10,12.33,6
S0504,13:15,6.33,11,6.75,5
S0505,13:12,3.87,29,9.21,2
S0506,13:12,4.02,2,4.32,7
S0507,13:16,9.44,17,7.95,5
S0508,13:13,2.47,18,8.26,10
S0509,13:15,5.38,7,11.39,7
S0510,13:17,6.21,5,10.3,3
S0511,13:16,3.44,2,11.68,7
S0512,13:18,3.8,13,12.83,6
S0513,13:16,5.56,8,7.56,12
S0514,13:19,4.43,12,10.12,5
S0515,13:16,5.98,24,8.83,7
S0516,13:18,1,2,11.49,12
S0517,13:20,2.86,3,4.97,11
S0518,13:16,4.53,4,6.54,6
S0519,13:18,5.22,4,8.57,6
S0520,13:21,4.26,4,11.5,10
S0521,13:21,5.19,9,6.49,3
S0522,13:20,5.8,8,11.01,10
S0523,13:22,6.81,10,5.69,8
S0524,13:23,5,6,3.2,9
S0525,13:21,6.12,5,11.93,7
S0526,13:20,3.79,11,6.81,7
S0527,13:24,6.31,20,9.43,3
S0528,13:24,6.86,10,1,3
S0529,13:26,6.85,23,11.97,2
S0530,13:23,2.43,4,9.46,12
S0531,13:26,4.78,16,8.56,6
S0532,13:24,6.23,9,10.95,12
S0533,13:25,7.67,12,7.61,12
S0534,13:25,4.08,30,11.58,10
S0535,13:24,7.65,15,9.25,5
S0536,13:23,2.53,23,12.66,10
S0537,13:23,3.6,6,13.85,6
S0538,13:26,7.46,15,3.9,7
S0539,13:27,4.41,5,8.58,1
S0540,13:28,1,1,7.91,2
S0541,13:30,5.53,15,12.95,5
S0542,13:27,7.9,18,10.19,4
S0543,13:27,3.97,15,2.94,10
S0544,13:30,7.38,12,6.41,11
S0545,13:27,8.54,1,12.2,10
S0546,13:28,4.31,16,13.27,3
S0547,13:32,5.71,5,7.01,5
S0548,13:30,6.65,5,5.99,3
S0549,13:32,5.76,14,5.3,3
S0550,13:31,6.94,7,7.51,4
S0551,13:32,6.33,21,10.25,3
S0552,13:34,7.8,6,10.12,5
S0553,13:33,2.52,14,2.96,2
S0554,13:32,5.91,6,9.72,4
S0555,13:35,4.58,26,10.64,4
S0556,13:32,3.21,15,5.67,11
S0557,13:37,4.88,1,4.75,12
S0558,13:33,6.15,5,6.06,6
S0559,13:38,5.61,14,13.2,5
S0560,13:38,1,11,11.28,9
S0561,13:39,6.15,6,5.76,9
S0562,13:40,5.47,2,5.82,5
S0563,13:37,6.49,2,9.28,11
S0564,13:41,9.3,12,8.76,12
S0565,13:42,8.2,15,1.06,2
S0566,13:39,7.83,12,3.68,8
S0567,13:41,3.15,17,9.81,9
S0568,13:43,2.68,1,13.44,7
S0569,13:40,4.15,3,7.89,7
S0570,13:43,3.73,1,7.04,4
S0571,13:43,3.95,25,9.03,11
S0572,13:42,4.16,10,8.92,9
S0573,13:43,4.2,12,5.31,7
S0574,13:43,2.66,26,3.89,5
S0575,13:46,4.66,5,6.02,5
S0576,13:46,6.51,10,13.58,12
S0577,13:49,5.99,4,6.31,5
S0578,13:49,3.82,5,12.87,12
S0579,13:48,3.43,7,11.85,2
S0580,13:48,4.24,6,11.21,2
S0581,13:49,4.23,11,10.81,4
S0582,13:50,6.06,13,5.71,6
S0583,13:48,5.9,11,4.13,1
S0584,13:48,3.94,14,4.7,12
S0585,13:50,4.16,3,11.54,3
S0586,13:51,4.26,17,3.2,6
S0587,13:50,3.8,1,8.5,3
S0588,13:49,5.49,1,4.33,11
S0589,13:52,8.1,5,4.44,3
S0590,13:55,4.94,23,10.76,8
S0591,13:54,6.99,16,6.88,8
S0592,13:56,2.29,3,7.14,1
S0593,13:57,4.67,23,1,12
S0594,13:54,3.41,15,9.59,2
S0595,13:54,4.93,6,7.67,6
S0596,13:54,4.32,6,5.61,7
S0597,13:55,1,5,8.14,5
S0598,13:58,6.22,15,8.78,5
S0599,13:58,1,6,11.68,12
S0600,14:00,4.11,19,9.29,8
S0601,13:58,3.04,11,9.84,2
S0602,13:59,6.83,19,3.4,5
S0603,13:59,4.93,16,10,3
S0604,13:59,5.99,4,8.14,12
S0605,14:01,1,9,4.7,8
S0606,13:58,5.64,12,6.81,1
S0607,14:00,7.47,17,6.76,1
S0608,14:01,5.68,25,4.03,3
S0609,14:03,6.61,5,9.14,6
S0610,14:01,8.23,23,9.12,11
S0611,14:03,5.57,9,1.15,4
S0612,14:02,7.48,5,12.43,11
S0613,14:05,6.75,19,4.45,1
S0614,14:02,2.35,9,5.8,8
S0615,14:05,7.33,12,4.71,4
S0616,14:07,6.49,8,7.2,8
S0617,14:06,2.24,18,4.89,12
S0618,14:07,5,24,5.35,12
S0619,14:09,1.98,6,11.62,2
S0620,14:10,3.56,4,9.86,6
S0621,14:07,5.09,27,9.48,5
S0622,14:08,8.89,5,13.14,6
S0623,14:07,7.14,25,8.57,10
S0624,14:11,9.29,5,4.06,4
S0625,14:13,3.42,16,6.79,1
S0626,14:10,2.1,25,10.96,6
S0627,14:11,4.53,1,11.82,12
S0628,14:14,4.42,1,7.61,10
S0629,14:15,4.56,23,7.88,3
S0630,14:16,4.31,11,6.84,2
S0631,14:16,6.05,14,9.41,1
S0632,14:16,7.32,20,7.26,12
S0633,14:16,6.31,29,9.27,3
S0634,14:19,4.29,22,7.47,8
S0635,14:22,5.54,7,5.78,8
S0636,14:22,2.3,28,3.33,7
S0637,14:20,5.08,4,8.62,7
S0638,14:22,9.06,14,3.57,3
S0639,14:24,5.95,5,6.49,3
S0640,14:20,4.22,17,5.81,8
S0641,14:21,5.56,10,9.63,12
S0642,14:21,5.69,8,8.81,6
S0643,14:25,6.47,18,6.33,2
S0644,14:28,6.95,12,8.23,12
S0645,14:30,5.26,12,7.92,12
S0646,14:28,8.43,8,11.15,11
S0647,14:32,4.49,1,8.26,3
S0648,14:32,5.22,10,3.73,4
S0649,14:29,3.22,15,10.7,2
S0650,14:32,6.92,9,9.51,10
S0651,14:29,5.08,22,7.66,7
S0652,14:33,3.11,12,13.59,3
S0653,14:33,4.56,10,9.82,7
S0654,14:32,3.84,30,4.84,4
S0655,14:32,7.21,9,4.52,11
S0656,14:34,3.7,4,5.32,6
S0657,14:31,4.1,7,15.5,2
S0658,14:32,1,23,4.7,2
S0659,14:36,3.62,15,10.33,2
S0660,14:35,3.89,4,3.83,3
S0661,14:33,4.09,8,6.44,4
S0662,14:35,5.1,12,7.81,4
S0663,14:34,4.63,1,2.63,8
S0664,14:35,8.27,9,12.7,1
S0665,14:39,5.15,8,7.96,11
S0666,14:37,3.54,3,10.55,7
S0667,14:40,3.13,13,13.5,3
S0668,14:38,6.56,4,7.87,8
S0669,14:40,5.49,27,13.48,12
S0670,14:41,5.2,28,3.65,11
S0671,14:43,3.73,23,12.76,10
S0672,14:47,3.81,9,5.64,7
S0673,14:48,2.77,30,7.09,6
S0674,14:45,5.47,21,7.89,11
S0675,14:46,5.32,1,11.25,11
S0676,14:50,2.62,15,10.79,9
S0677,14:46,4.09,11,5.05,7
S0678,14:48,5.03,6,9.07,10
S0679,14:50,1,5,5.75,6
S0680,14:47,5.53,7,8.53,2
S0681,14:49,7.51,5,8.91,6
S0682,14:48,3.2,5,11.81,1
S0683,14:50,1.28,20,8.58,9
S0684,14:53,4.14,11,3.81,5
S0685,14:51,9.51,21,6.74,4
S0686,14:54,2.04,17,8.26,1
S0687,14:53,2.69,2,4.47,7
S0688,14:54,3.56,18,7.51,4
S0689,14:53,3.95,23,6.23,11
S0690,14:52,6.05,12,7.02,11
S0691,14:55,7.29,8,7.32,1
S0692,14:53,6.09,21,6.86,7
S0693,14:54,5.64,21,5.31,1
S0694,14:57,3.87,22,13.13,1
S0695,14:55,6.16,11,8.44,4
S0696,14:58,5.55,8,11.21,12
S0697,14:56,6.97,29,7.53,9
S0698,15:00,6.5,6,6.57,3
S0699,15:00,2.99,3,10.76,12
S0700,14:59,1,8,5.79,3
S0701,14:56,9.72,10,7.43,2
S0702,15:00,6.69,15,5.71,9
S0703,15:01,3.55,2,9.02,12
S0704,15:00,8.7,15,9.97,7
S0705,15:01,9.75,2,11.57,12
S0706,15:00,2.2,25,12.38,3
S0707,15:00,4.66,1,8.22,5
S0708,15:02,3.71,4,9.19,10
S0709,15:00,3.89,2,8.78,6
S0710,15:02,7.07,1,9.52,1
S0711,15:04,5.7,15,8.81,12
S0712,15:04,3.56,2,11.22,9
S0713,15:06,5.47,21,10.69,3
S0714,15:04,3.29,6,7.56,9
S0715,15:03,6.95,24,9.94,3
S0716,15:07,4.97,1,6.93,1
S0717,15:05,4.89,9,8.46,12
S0718,15:06,4.44,8,9.44,7
S0719,15:08,1,22,9.68,9
S0720,15:05,8.7,22,7.02,4
S0721,15:06,5.18,5,7.49,5
S0722,15:06,1,30,10.05,9
S0723,15:08,4.32,11,13.55,11
S0724,15:07,2.05,10,1.27,1
S0725,15:09,5.97,13,6.49,3
S0726,15:12,6.05,12,7.76,7
S0727,15:10,7.87,24,4.85,12
S0728,15:13,5.25,3,4.81,5
S0729,15:09,1,20,3.57,5
S0730,15:09,4.42,15,5.85,11
S0731,15:11,8.18,2,11.61,4
S0732,15:13,4.46,24,9.32,11
S0733,15:14,4.54,7,11.78,2
S0734,15:12,6.01,1,8.67,3
S0735,15:14,5.08,18,3.39,4
S0736,15:13,4.42,11,7.3,4
S0737,15:12,5.45,1,7.78,6
S0738,15:12,7.13,16,14.74,5
S0739,15:16,5.32,14,9.12,6
S0740,15:14,4.04,8,13.55,3
S0741,15:16,1,21,8.08,12
S0742,15:17,3.02,15,4.49,12
S0743,15:16,7.81,11,10.39,10
S0744,15:18,2.63,20,5.73,11
S0745,15:18,6.46,1,7.01,5
S0746,15:19,3.63,4,5.72,8
S0747,15:21,5.78,2,1.16,5
S0748,15:19,1,9,7.48,3
S0749,15:22,5.34,17,8.32,12
S0750,15:19,4.71,19,9.88,7
S0751,15:20,3.02,10,9.54,6
S0752,15:21,5.72,12,3.32,2
S0753,15:21,6.18,1,5.16,5
S0754,15:20,6.88,12,9.23,6
S0755,15:26,2.01,2,9.17,4
S0756,15:24,6.12,5,10.36,9
S0757,15:27,5.13,25,5.41,9
S0758,15:23,5.02,18,9.59,4
S0759,15:26,6.53,27,8.01,2
S0760,15:25,5.25,8,4.88,10
S0761,15:28,6.53,10,9.25,7
S0762,15:29,5.4,14,14.52,6
S0763,15:29,3.99,7,6.92,5
S0764,15:26,6.14,6,8.57,7
S0765,15:28,4.66,1,6.65,10
S0766,15:28,8.34,14,9.52,6
S0767,15:29,6.63,20,4.79,6
S0768,15:27,6.01,2,7.68,12
S0769,15:28,3.25,25,9.18,12
S0770,15:28,5.16,2,2.92,5
S0771,15:33,6.41,4,6.87,4
S0772,15:29,8.79,14,10.47,12
S0773,15:31,7.48,16,12.35,7
S0774,15:29,3.63,10,6.88,10
S0775,15:33,3.79,14,8.36,10
S0776,15:29,3.36,15,1.05,5
S0777,15:31,7.19,15,8.48,6
S0778,15:34,6.26,10,8.49,12
S0779,15:35,3.87,14,9.55,6
S0780,15:33,4.12,15,8.25,7
S0781,15:37,6.82,11,10.75,9
S0782,15:39,5.24,3,5.38,7
S0783,15:38,6.18,13,7.23,10
S0784,15:39,6.49,20,10.76,11
S0785,15:37,4.17,10,12.79,8
S0786,15:40,1,8,1,4
S0787,15:36,3.1,8,12.43,12
S0788,15:37,3.63,8,6.65,2
S0789,15:40,3.41,17,12.28,4
S0790,15:37,4.8,13,8.93,7
S0791,15:38,6.75,19,5.41,7
S0792,15:39,3.1,3,3.28,1
S0793,15:41,7.59,15,6.21,11
S0794,15:40,6.52,5,8.43,11
S0795,15:41,5.77,4,3.38,12
S0796,15:41,7.26,1,5.57,8
S0797,15:43,3.82,29,13.99,6
S0798,15:43,5.57,14,7.95,8
S0799,15:45,3.53,14,6.15,2
S0800,15:45,6.1,21,7.33,4
S0801,15:45,9.26,17,12.43,3
S0802,15:44,5.48,4,12.22,1
S0803,15:49,2.59,12,12.14,12
S0804,15:49,1.95,8,7.52,9
S0805,15:49,8.58,29,10.66,9
S0806,15:47,9.33,13,8.1,10
S0807,15:48,4.14,28,4.32,9
S0808,15:51,3.39,4,10.94,6
S0809,15:49,6.74,14,8.7,12
S0810,15:52,4.56,15,9.95,2
S0811,15:50,3.78,2,5.73,3
S0812,15:53,4.68,2,11.08,2
S0813,15:53,2.22,11,9.19,7
S0814,15:50,4.19,10,10.97,6
S0815,15:53,5,9,8.11,2
S0816,15:49,2.89,25,7.35,2
S0817,15:52,6.73,12,12.92,9
S0818,15:51,6.87,12,6.38,10
S0819,15:51,6.41,12,8.33,10
S0820,15:55,3.92,13,1,5
S0821,15:51,3.11,11,8.01,7
S0822,15:51,2.32,14,6.26,5
S0823,15:52,6.79,13,9.58,10
S0824,15:56,3.34,10,5.01,12
S0825,15:56,2.26,18,10.08,11
S0826,15:57,5.77,3,10.72,6
S0827,15:54,4.99,3,12.64,9
S0828,15:55,4.75,27,10.38,12
S0829,15:54,3.12,2,8.24,11
S0830,15:55,6.95,5,9.97,5
S0831,15:55,6.5,5,6.24,12
S0832,15:55,4.21,13,8.75,11
S0833,15:56,5.63,3,7.34,2
S0834,15:54,1.46,30,7.42,10
S0835,15:56,4.66,8,6.58,11
S0836,15:57,6.67,9,6,11
S0837,16:03,5.28,9,10.38,5
S0838,16:01,4.84,29,8.82,3
S0839,16:03,3.62,23,9.36,3
S0840,16:04,6.25,12,9.23,12
S0841,16:03,3.4,12,9.37,8
S0842,16:04,2.98,23,4.87,2
S0843,16:03,6.53,8,6.18,9
S0844,16:03,5.3,7,9.83,2
S0845,16:04,1.5,15,12.81,1
S0846,16:03,6.93,2,7.85,5
S0847,16:07,6.88,12,2.92,5
S0848,16:08,5.76,23,6.11,7
S0849,16:06,1,7,4.62,11
S0850,16:09,6.86,4,8.74,10
S0851,16:09,6.57,2,5.4,1
S0852,16:09,6.27,22,9.96,5
S0853,16:10,7.93,9,10.74,9
S0854,16:06,6.94,6,9.94,5
S0855,16:11,7.66,8,4.14,12
S0856,16:11,3.78,25,8.67,12
S0857,16:09,5.1,14,9.24,2
S0858,16:09,5.52,13,7.74,7
S0859,16:09,4.1,11,7.5,3
S0860,16:10,4.5,5,6.5,4
S0861,16:11,1.63,17,4.66,1
S0862,16:13,1.43,7,4.6,4
S0863,16:10,7.08,22,10.47,12
S0864,16:11,3.33,4,13.2,6
S0865,16:12,8.04,21,8.33,12
S0866,16:11,3.97,16,8.21,6
S0867,16:10,5.98,30,7.28,12
S0868,16:13,3.14,15,7.44,6
S0869,16:12,4.95,13,5.05,8
S0870,16:13,5.94,8,6.99,4
S0871,16:16,6.3,23,9.53,12
S0872,16:12,3.01,28,7.63,9
S0873,16:14,4.72,7,6.13,1
S0874,16:17,6.58,5,8.39,11
S0875,16:16,6.52,29,8.77,11
S0876,16:15,5.89,5,9.65,8
S0877,16:15,5.53,5,4.14,8
S0878,16:18,3.23,9,9.47,10
S0879,16:19,5.19,15,9.66,6
S0880,16:19,4.78,1,11.33,9
S0881,16:16,4.97,7,5.06,10
S0882,16:18,2.49,9,2.87,12
S0883,16:20,9.29,8,9.06,2
S0884,16:22,2.61,5,7.43,2
S0885,16:19,2.75,19,10.67,10
S0886,16:20,3.28,1,2.32,1
S0887,16:20,2.84,24,11.91,6
S0888,16:23,1,24,7.28,9
S0889,16:20,5.83,26,8.59,8
S0890,16:22,8.14,17,9.05,5
S0891,16:20,5.74,13,7.15,12
S0892,16:21,4.96,5,9.08,7
S0893,16:21,4.97,8,5.19,5
S0894,16:23,6.33,3,10.23,7
S0895,16:23,8.17,12,9.26,6
S0896,16:24,7.58,5,9.04,2
S0897,16:22,3.8,9,7.18,9
S0898,16:22,2.83,24,5.51,1
S0899,16:24,4.13,5,10.65,12
S0900,16:25,5.81,14,10.62,7
S0901,16:26,6.64,25,4.61,7
S0902,16:27,11.79,5,6.52,9
S0903,16:26,6.36,19,5.28,9
S0904,16:29,2.18,12,10.97,2
S0905,16:29,7.47,4,6.42,5
S0906,16:29,8.25,23,2.21,2
S0907,16:29,6.25,29,14.96,12
S0908,16:29,4.18,21,10.31,3
S0909,16:28,4.61,15,11.87,11
S0910,16:29,4.24,30,10.22,11
S0911,16:33,2.82,11,4.98,11
S0912,16:33,5.62,13,7.71,5
S0913,16:30,5.71,24,10.28,2
S0914,16:32,5.19,7,11.25,11
S0915,16:34,6.97,5,13.35,10
S0916,16:35,9.17,7,6.27,11
S0917,16:35,8.36,15,11.45,12
S0918,16:34,5.29,7,3,7
S0919,16:36,2.64,9,9.06,4
S0920,16:33,9,11,4.58,4
S0921,16:35,4.15,6,11.47,9
S0922,16:36,1,1,8.52,6
S0923,16:36,2.35,14,13.87,11
S0924,16:39,4.92,21,1.94,2
S0925,16:39,7.5,11,5.63,4
S0926,16:37,5.36,4,7.5,8
S0927,16:41,8.25,25,12.54,6
S0928,16:37,1.54,7,5.71,8
S0929,16:39,6.2,5,4.34,2
S0930,16:43,3,6,13.19,1
S0931,16:43,4.4,14,10.12,2
S0932,16:43,6.31,20,2.27,2
S0933,16:40,1.76,8,4.33,10
S0934,16:45,4.08,15,3.5,10
S0935,16:43,6.61,11,4.23,9
S0936,16:45,5,11,11.21,12
S0937,16:45,4.72,24,3.49,12
S0938,16:45,4.19,12,9.54,1
S0939,16:44,3.26,24,14.24,12
S0940,16:47,6.19,8,9.48,11
S0941,16:47,8.64,4,11.82,1
S0942,16:49,9.03,24,12.13,5
S0943,16:47,5.51,22,10.32,9
S0944,16:50,6.43,9,12.07,5
S0945,16:50,4.23,15,7.12,9
S0946,16:49,3.38,8,7.21,11
S0947,16:47,1.64,1,7.92,6
S0948,16:51,5.67,2,9.62,3
S0949,16:50,4.29,10,9.67,5
S0950,16:52,7.56,13,10.2,8
S0951,16:51,7.33,5,3.04,8
S0952,16:54,4.22,5,4.84,11
S0953,16:52,3.33,20,8.1,5
S0954,16:53,4.54,28,8.92,10
S0955,16:54,3.87,11,7.2,2
S0956,16:54,2.78,3,4.84,4
S0957,16:54,7.1,13,10.43,2
S0958,16:58,4.16,28,6.21,6
S0959,16:55,2.11,4,3.35,6
S0960,17:01,7.55,10,9.23,8
S0961,16:57,5.5,12,6.92,10
S0962,16:59,4.66,14,6.41,12
S0963,16:59,4.72,28,1.27,10
S0964,17:00,10.24,28,8.47,7
S0965,16:59,6.14,21,9.56,12
S0966,17:02,2.73,1,3.59,2
S0967,17:01,5.93,21,11.54,1
S0968,17:02,4.81,12,5.23,4
S0969,16:59,5.27,4,1.97,7
S0970,17:00,7.18,15,12.5,4
S0971,17:04,3.77,22,6.6,2
S0972,17:04,5.68,4,2.91,9
S0973,17:01,1.83,28,6.31,4
S0974,17:03,3.38,17,10.52,8
S0975,17:05,1,10,8.12,5
S0976,17:03,4.72,26,9.42,6
S0977,17:03,5.58,5,6.22,9
S0978,17:05,4.43,15,5.71,5
S0979,17:06,3.8,8,9.44,8
S0980,17:05,5.51,28,2.1,8
S0981,17:05,9.54,28,8.29,6
S0982,17:08,3.29,14,3.05,3
S0983,17:06,4.83,15,9.93,8
S0984,17:05,7.22,1,1.58,6
S0985,17:09,8.2,18,6.19,3
S0986,17:05,5.53,12,12.51,8
S0987,17:09,6.75,10,9.91,8
S0988,17:10,5.1,23,15.15,7
S0989,17:08,7.22,6,9.8,1
S0990,17:11,5.51,1,6.12,1
S0991,17:09,5.05,8,16.43,4
S0992,17:11,2.42,15,4.13,11
S0993,17:13,4.52,14,8.1,9
S0994,17:12,4.84,7,4.49,8
S0995,17:15,4.51,5,9.27,4
S0996,17:15,7.63,4,9.98,2
S0997,17:14,9.34,15,7.27,10
S0998,17:14,4.31,14,6.73,7
S0999,17:18,4.65,3,9.56,3
S1000,17:18,5.95,14,7.99,5
S1001,17:22,1.4,16,13.36,10
S1002,17:22,2.92,21,9.89,7
S1003,17:20,5.94,20,11.16,7
S1004,17:25,7.25,28,6.68,3
S1005,17:23,6.24,24,4.54,8
S1006,17:22,5.64,15,8.15,10
S1007,17:22,6.08,19,4,6
S1008,17:27,1,11,8.17,10
S1009,17:25,6.62,15,10.89,6
S1010,17:24,6.2,13,11.72,9
S1011,17:26,3.21,11,9.46,5
S1012,17:27,7.85,9,9.43,2
S1013,17:30,3.78,6,10.92,6
S1014,17:27,9.51,19,6.51,5
S1015,17:27,3.8,9,7.08,5
S1016,17:29,4.01,10,9.77,11
S1017,17:32,4.97,13,9.98,3
S1018,17:34,5.48,20,6.53,11
S1019,17:31,6.44,27,7.61,10
S1020,17:34,6.16,6,7.45,7
S1021,17:33,5.23,16,10.04,9
S1022,17:32,6.51,11,8.54,10
S1023,17:31,7.61,28,12.24,7
S1024,17:34,4.84,9,5.53,2
S1025,17:35,4.75,10,4.7,11
S1026,17:37,5.83,24,5.86,6
S1027,17:34,4.45,4,8.28,8
S1028,17:38,2.17,7,5.57,2
S1029,17:39,5.36,26,2.82,5
S1030,17:36,1,5,8.91,9
S1031,17:35,3.51,7,14.42,10
S1032,17:35,8.07,17,7.13,6
S1033,17:39,11.97,18,6.07,1
S1034,17:39,7.57,15,7.55,12
S1035,17:38,4.95,13,9.3,3
S1036,17:37,5.37,13,10.43,5
S1037,17:40,6.03,15,6.11,5
S1038,17:39,6.08,13,8.82,1
S1039,17:38,6.51,1,6.27,3
S1040,17:41,8.4,10,5.82,1
S1041,17:38,5.84,15,3.1,5
S1042,17:41,7.44,3,9.16,4
S1043,17:40,6.03,6,8.45,6
S1044,17:41,3.75,30,6.76,1
S1045,17:43,7.11,7,9.7,9
S1046,17:40,5.07,12,13.06,2
S1047,17:39,4.24,3,5.86,9
S1048,17:40,7.36,29,6.51,3
S1049,17:44,6.93,20,7.7,6
S1050,17:43,2.5,16,5.02,7
S1051,17:41,8.22,2,5,11
S1052,17:41,4.38,15,7.71,12
S1053,17:42,3.56,4,7.85,12
S1054,17:44,4.26,10,5.34,7
S1055,17:47,5.56,30,12.12,2
S1056,17:47,6.86,10,10.16,7
S1057,17:47,8.25,25,9.57,7
S1058,17:49,5.27,10,2.47,1
S1059,17:47,6.04,16,9.62,11
S1060,17:50,3.41,21,5.76,12
S1061,17:49,5.66,20,10.71,6
S1062,17:50,7.55,28,4.71,10
S1063,17:51,2.54,24,10.7,10
S1064,17:48,4.5,15,10.68,1
S1065,17:49,3.53,19,8.04,12
S1066,17:53,6.06,11,13.85,4
S1067,17:53,4.18,15,11.11,7
S1068,17:52,2.08,13,8.95,1
S1069,17:52,5.35,11,10.54,8
S1070,17:51,3.83,9,11.27,9
S1071,17:54,5.91,6,5.9,6
S1072,17:50,7.87,19,9.15,4
S1073,17:54,3.82,9,10.14,5
S1074,17:55,6.85,10,4.95,1
S1075,17:57,4.38,13,8.91,2
S1076,17:53,6.62,20,9.35,2
S1077,17:57,3.84,27,8.59,8
S1078,17:54,5.8,6,10.54,6
S1079,17:55,5.72,16,9.68,2
S1080,17:54,5.92,11,9.98,11
S1081,17:55,5.02,28,1,6
S1082,17:59,3.91,9,6.62,4
S1083,18:00,2.24,10,14.02,1
S1084,18:00,5.59,24,5.49,4
S1085,18:00,4.13,4,11.1,8
S1086,17:57,5.69,7,5.74,6
S1087,17:59,6.69,26,6.88,5
S1088,17:59,6.16,5,7.08,4
S1089,17:57,5.59,7,2.74,8
S1090,18:01,1.89,17,9.91,1
S1091,17:59,2.32,18,7.36,1
S1092,18:02,6.14,15,9.79,9
S1093,18:05,6.67,13,6.41,7
S1094,18:03,6.4,13,5.36,5
S1095,18:06,1.89,15,8.47,4
S1096,18:04,4.75,13,1.39,2
S1097,18:05,5.61,1,4.04,9
S1098,18:05,7.46,10,5.89,9
S1099,18:04,4.43,15,9.9,11
S1100,18:07,5.26,3,1,8
S1101,18:08,7.97,6,4.5,6
S1102,18:08,4.08,30,9.3,10
S1103,18:09,5.03,7,11.43,6
S1104,18:12,5.84,12,15.82,8
S1105,18:09,6.1,3,7.01,3
S1106,18:10,7.44,29,12.87,9
S1107,18:13,4.92,20,7.21,3
S1108,18:13,4.01,16,10.74,4
S1109,18:12,6.74,2,6.96,10
S1110,18:11,6.89,15,12.88,6
S1111,18:11,8.24,4,7.47,9
S1112,18:14,5.47,10,10,2
S1113,18:12,5.19,30,12.82,11
S1114,18:11,5.78,10,6.75,4
S1115,18:15,6.45,25,8.34,9
S1116,18:16,4.68,10,6.28,3
S1117,18:19,4.74,16,7.53,7
S1118,18:18,6.93,21,6.72,3
S1119,18:17,5.12,20,3.54,1
S1120,18:19,3.97,28,9.66,5
S1121,18:16,8.28,24,9.28,10
S1122,18:19,6.24,15,11.85,12
S1123,18:17,5.83,19,4.94,4
S1124,18:20,7.73,11,4.72,4
S1125,18:17,7.48,15,9.69,12
S1126,18:18,4.94,13,9.45,2
S1127,18:18,5.57,11,11.35,8
S1128,18:23,4.82,9,4.82,7
S1129,18:23,2.5,6,5.55,1
S1130,18:23,6.58,19,7.7,7
S1131,18:22,4.01,9,6.07,7
S1132,18:22,4.94,10,9.89,12
S1133,18:22,4.22,13,7.36,10
S1134,18:26,5.79,20,9.39,10
S1135,18:25,4.18,27,5.6,11
S1136,18:25,2.72,6,16.39,7
S1137,18:26,4.13,16,9.47,11
S1138,18:25,7.59,11,6.76,4
S1139,18:26,6.43,28,5.02,9
S1140,18:29,7.36,9,13.32,6
S1141,18:26,6.55,10,13.26,9
S1142,18:30,3.84,24,7.89,2
S1143,18:26,5.52,4,9.31,4
S1144,18:30,7.81,7,10.21,8
S1145,18:29,2.56,26,4.85,7
S1146,18:27,8,5,4.02,12
S1147,18:27,7.06,7,5.67,9
S1148,18:31,5.64,17,7.27,4
S1149,18:34,6.86,18,8.61,11
S1150,18:34,3.26,15,3.21,12
S1151,18:33,1.92,13,8.02,6
S1152,18:36,7.17,13,7.53,2
S1153,18:37,3.02,15,7,1
S1154,18:37,6.89,13,9.12,9
S1155,18:37,1.58,1,7.28,8
S1156,18:34,4.15,10,9.91,9
S1157,18:40,3.56,15,8.6,9
S1158,18:38,3.76,3,9.49,10
S1159,18:39,5.53,6,5.26,5
S1160,18:39,8.64,30,8.16,2
S1161,18:41,3.44,7,8.86,8
S1162,18:37,6.55,12,7.3,4
S1163,18:41,6.96,3,8.48,2
S1164,18:39,3.14,29,8.42,1
S1165,18:39,7.21,20,12.23,5
S1166,18:44,4.25,16,8.97,5
S1167,18:44,3.25,2,5.91,1
S1168,18:44,6.49,15,8.07,8
S1169,18:46,6.06,4,11.21,10
S1170,18:47,5.3,10,8.96,9
S1171,18:48,6.79,30,8.2,4
S1172,18:47,5.64,10,3.59,10
S1173,18:47,2.49,25,12.48,3
S1174,18:47,4.72,10,11.34,10
S1175,18:50,1.94,16,8.77,9
S1176,18:49,5.32,21,7.88,3
S1177,18:49,7.88,20,8.87,10
S1178,18:49,1.18,28,3.62,2
S1179,18:52,6.6,24,10.51,10
S1180,18:52,2.82,15,8.26,10
S1181,18:50,7.85,19,12.47,8
S1182,18:51,4.36,11,11.6,1
S1183,18:52,8.51,15,4.31,10
S1184,18:52,5.02,13,6.54,9
S1185,18:50,5.69,11,5.48,3
S1186,18:50,6.85,9,9.15,10
S1187,18:50,3.88,6,9.56,12
S1188,18:54,1.42,19,9.6,12
S1189,18:55,5.97,9,2.95,10
S1190,18:52,8.63,10,13.66,4
S1191,18:55,5.13,13,6.59,12
S1192,18:54,3.9,20,7.52,1
S1193,18:59,5.69,27,11.39,4
S1194,18:58,5.45,6,5.08,9
S1195,18:59,4.33,16,9.43,6
S1196,18:58,2.72,11,11.09,12
S1197,19:00,3.53,28,10.27,6
S1198,18:57,5.6,9,9.3,6
S1199,19:00,6.33,10,3.43,1
S1200,18:58,3.54,24,14.09,3
